{
    "$schema": "https://schema.management.azure.com/schemas/2019-04-01/deploymentTemplate.json#",
    "contentVersion": "1.0.0.0",
    "parameters": {},
    "variables": {},
    "resources": [
        {
            "type": "Microsoft.Logic/workflows",
            "apiVersion": "2017-07-01",
            "name": "LA-ModificacionAccesoCondicional",
            "location": "eastus",
            "identity": {
                "type": "SystemAssigned"
            },
            "properties": {
                "state": "Enabled",
                "definition": {
                    "$schema": "https://schema.management.azure.com/providers/Microsoft.Logic/schemas/2016-06-01/workflowdefinition.json#",
                    "contentVersion": "1.0.0.0",
                    "parameters": {
                        "$connections": {
                            "defaultValue": {},
                            "type": "Object"
                        }
                    },
                    "triggers": {
                        "Microsoft_Sentinel_incident": {
                            "type": "ApiConnectionWebhook",
                            "inputs": {
                                "body": {
                                    "callback_url": "@{listCallbackUrl()}"
                                },
                                "host": {
                                    "connection": {
                                        "name": "@parameters('$connections')['azuresentinel']['connectionId']"
                                    }
                                },
                                "path": "/incident-creation"
                            }
                        }
                    },
                    "actions": {
                        "Actualizar_incidente": {
                            "runAfter": {
                                "Para_cada_uno": [
                                    "Succeeded"
                                ]
                            },
                            "type": "ApiConnection",
                            "inputs": {
                                "body": {
                                    "classification": {
                                        "ClassificationAndReason": "Undetermined"
                                    },
                                    "incidentArmId": "@body('Obtener_incidente')?['id']",
                                    "status": "Closed",
                                    "tagsToAdd": {
                                        "TagsToAdd": [
                                            {
                                                "Tag": "Cerrado por Automatización"
                                            }
                                        ]
                                    }
                                },
                                "host": {
                                    "connection": {
                                        "name": "@parameters('$connections')['azuresentinel_2']['connectionId']"
                                    }
                                },
                                "method": "put",
                                "path": "/Incidents"
                            }
                        },
                        "Entidades:_obtener_cuentas": {
                            "runAfter": {
                                "Obtener_incidente": [
                                    "Succeeded"
                                ]
                            },
                            "type": "ApiConnection",
                            "inputs": {
                                "body": "@triggerBody()?['object']?['properties']?['relatedEntities']",
                                "host": {
                                    "connection": {
                                        "name": "@parameters('$connections')['azuresentinel_2']['connectionId']"
                                    }
                                },
                                "method": "post",
                                "path": "/entities/account"
                            }
                        },
                        "Obtener_incidente": {
                            "runAfter": {},
                            "type": "ApiConnection",
                            "inputs": {
                                "body": {
                                    "incidentArmId": "@triggerBody()?['object']?['id']"
                                },
                                "host": {
                                    "connection": {
                                        "name": "@parameters('$connections')['azuresentinel_2']['connectionId']"
                                    }
                                },
                                "method": "post",
                                "path": "/Incidents"
                            }
                        },
                        "Para_cada_uno": {
                            "foreach": "@body('Entidades:_obtener_cuentas')?['Accounts']",
                            "actions": {
                                "Ejecutar_consulta_y_enumerar_resultados": {
                                    "runAfter": {},
                                    "type": "ApiConnection",
                                    "inputs": {
                                        "body": "AuditLogs\n| where OperationName == \"Add policy\" or OperationName == \"Update policy\" or OperationName == \"Delete policy\" or OperationName contains \"conditional\"\n| where Result == \"success\"\n| mv-expand TargetResources\n| where parse_json(tostring(InitiatedBy.user)) contains \"@{items('Para_cada_uno')?['Name']}\"\n| project ActivityDisplayName, parse_json(tostring(InitiatedBy.user)).userPrincipalName, ActivityDateTime, TargetResources.displayName",
                                        "host": {
                                            "connection": {
                                                "name": "@parameters('$connections')['azuremonitorlogs']['connectionId']"
                                            }
                                        },
                                        "method": "post",
                                        "path": "/queryData",
                                        "queries": {
                                            "resourcegroups": "cloud-shell-storage-eastus",
                                            "resourcename": "AlertaDePrivilegios",
                                            "resourcetype": "Log Analytics Workspace",
                                            "subscriptions": "e8c503c9-d8e3-4213-b6c4-a8eb241d8a1b",
                                            "timerange": "Last 4 hours"
                                        }
                                    }
                                },
                                "Enviar_correo_electrónico_(V2)": {
                                    "runAfter": {
                                        "Ejecutar_consulta_y_enumerar_resultados": [
                                            "Succeeded"
                                        ]
                                    },
                                    "type": "ApiConnection",
                                    "inputs": {
                                        "body": {
                                            "Body": "<p>Se ha generado un incidente en Microsoft Sentinel por la modificación en una directiva de acceso condicional:<br>\n<br>\nActividad: @{body('Ejecutar_consulta_y_enumerar_resultados')['value'][0]['ActivityDisplayName']}<br>\nIniciado por: @{body('Ejecutar_consulta_y_enumerar_resultados')['value'][0]['InitiatedBy_user_userPrincipalName']}<br>\nDirectiva: @{body('Ejecutar_consulta_y_enumerar_resultados')['value'][0]['TargetResources_displayName']}<br>\n<br>\nSaludos cordiales,<br>\n<span style=\"font-size: 14px\"><strong>Equipo de Monitoreo Nebulan</strong></span></p>",
                                            "Importance": "Normal",
                                            "Subject": "ACINDUSTRIAL: Modificación de Acceso Condicional",
                                            "To": "alerta.presupuesto@nebulan.cl; monitoreo.nebulan@gruponebulan.com"
                                        },
                                        "host": {
                                            "connection": {
                                                "name": "@parameters('$connections')['office365']['connectionId']"
                                            }
                                        },
                                        "method": "post",
                                        "path": "/v2/Mail"
                                    }
                                }
                            },
                            "runAfter": {
                                "Entidades:_obtener_cuentas": [
                                    "Succeeded"
                                ]
                            },
                            "type": "Foreach"
                        }
                    },
                    "outputs": {}
                },
                "parameters": {
                    "$connections": {
                        "value": {
                            "azuremonitorlogs": {
                                "connectionId": "/subscriptions/e8c503c9-d8e3-4213-b6c4-a8eb241d8a1b/resourceGroups/cloud-shell-storage-eastus/providers/Microsoft.Web/connections/azuremonitorlogs",
                                "connectionName": "azuremonitorlogs",
                                "id": "/subscriptions/e8c503c9-d8e3-4213-b6c4-a8eb241d8a1b/providers/Microsoft.Web/locations/eastus/managedApis/azuremonitorlogs"
                            },
                            "azuresentinel": {
                                "connectionId": "/subscriptions/e8c503c9-d8e3-4213-b6c4-a8eb241d8a1b/resourceGroups/cloud-shell-storage-eastus/providers/Microsoft.Web/connections/azuresentinel-LA-ModificacionAccesoCondicional",
                                "connectionName": "azuresentinel-LA-ModificacionAccesoCondicional",
                                "connectionProperties": {
                                    "authentication": {
                                        "type": "ManagedServiceIdentity"
                                    }
                                },
                                "id": "/subscriptions/e8c503c9-d8e3-4213-b6c4-a8eb241d8a1b/providers/Microsoft.Web/locations/eastus/managedApis/azuresentinel"
                            },
                            "azuresentinel_2": {
                                "connectionId": "/subscriptions/e8c503c9-d8e3-4213-b6c4-a8eb241d8a1b/resourceGroups/cloud-shell-storage-eastus/providers/Microsoft.Web/connections/azuresentinel-3",
                                "connectionName": "azuresentinel-3",
                                "connectionProperties": {
                                    "authentication": {
                                        "type": "ManagedServiceIdentity"
                                    }
                                },
                                "id": "/subscriptions/e8c503c9-d8e3-4213-b6c4-a8eb241d8a1b/providers/Microsoft.Web/locations/eastus/managedApis/azuresentinel"
                            },
                            "office365": {
                                "connectionId": "/subscriptions/e8c503c9-d8e3-4213-b6c4-a8eb241d8a1b/resourceGroups/cloud-shell-storage-eastus/providers/Microsoft.Web/connections/office365-2",
                                "connectionName": "office365-2",
                                "id": "/subscriptions/e8c503c9-d8e3-4213-b6c4-a8eb241d8a1b/providers/Microsoft.Web/locations/eastus/managedApis/office365"
                            }
                        }
                    }
                }
            }
        }
    ]
}