{
    "$schema": "https://schema.management.azure.com/schemas/2019-04-01/deploymentTemplate.json#",
    "contentVersion": "1.0.0.0",
    "parameters": {},
    "variables": {},
    "resources": [
        {
            "type": "Microsoft.Logic/workflows",
            "apiVersion": "2017-07-01",
            "name": "LA-NuevoRolSuscripcion",
            "location": "eastus",
            "identity": {
                "type": "SystemAssigned"
            },
            "properties": {
                "state": "Enabled",
                "definition": {
                    "$schema": "https://schema.management.azure.com/providers/Microsoft.Logic/schemas/2016-06-01/workflowdefinition.json#",
                    "contentVersion": "1.0.0.0",
                    "parameters": {
                        "$connections": {
                            "defaultValue": {},
                            "type": "Object"
                        }
                    },
                    "triggers": {
                        "Microsoft_Sentinel_incident": {
                            "type": "ApiConnectionWebhook",
                            "inputs": {
                                "body": {
                                    "callback_url": "@{listCallbackUrl()}"
                                },
                                "host": {
                                    "connection": {
                                        "name": "@parameters('$connections')['azuresentinel']['connectionId']"
                                    }
                                },
                                "path": "/incident-creation"
                            }
                        }
                    },
                    "actions": {
                        "Actualizar_incidente": {
                            "runAfter": {
                                "Para_cada_uno": [
                                    "Succeeded"
                                ]
                            },
                            "type": "ApiConnection",
                            "inputs": {
                                "body": {
                                    "classification": {
                                        "ClassificationAndReason": "Undetermined"
                                    },
                                    "incidentArmId": "@body('Obtener_incidente')?['id']",
                                    "status": "Closed",
                                    "tagsToAdd": {
                                        "TagsToAdd": [
                                            {
                                                "Tag": "Cerrado por Automatización"
                                            }
                                        ]
                                    }
                                },
                                "host": {
                                    "connection": {
                                        "name": "@parameters('$connections')['azuresentinel_2']['connectionId']"
                                    }
                                },
                                "method": "put",
                                "path": "/Incidents"
                            }
                        },
                        "Ejecutar_consulta_y_enumerar_resultados": {
                            "runAfter": {
                                "Entidades:_obtener_cuentas": [
                                    "Succeeded"
                                ]
                            },
                            "type": "ApiConnection",
                            "inputs": {
                                "body": "AzureActivity \n| where CategoryValue =~ \"Administrative\" and OperationNameValue =~ \"Microsoft.Authorization/roleAssignments/write\" and (ActivityStatusValue =~ \"Start\" or ActivityStatus =~ \"Started\") \n| extend RoleDefinition = extractjson(\"$.Properties.RoleDefinitionId\",tostring(Properties_d.requestbody),typeof(string)) \n| extend PrincipalId = extractjson(\"$.Properties.PrincipalId\",tostring(Properties_d.requestbody),typeof(string)) \n| extend PrincipalType = extractjson(\"$.Properties.PrincipalType\",tostring(Properties_d.requestbody),typeof(string)) \n| extend Scope = extractjson(\"$.Properties.Scope\",tostring(Properties_d.requestbody),typeof(string)) \n| where Scope !contains \"resourcegroups\" \n| extend RoleId = split(RoleDefinition,'/')[-1] \n| extend RoleDisplayName = case( RoleId =~ 'b24988ac-6180-42a0-ab88-20f7382dd24c', \"Contributor\", RoleId =~ '8e3af657-a8ff-443c-a75c-2fe8c4bcb635', \"Owner\", RoleId =~ '18d7d88d-d35e-4fb5-a5c3-7773c20a72d9', \"User Access Administrator\", \"Irrelevant\") \n| where RoleDisplayName != \"Irrelevant\" \n| project TimeGenerated,Scope, PrincipalId,PrincipalType,RoleDisplayName, _ResourceId, Caller, CallerIpAddress",
                                "host": {
                                    "connection": {
                                        "name": "@parameters('$connections')['azuremonitorlogs']['connectionId']"
                                    }
                                },
                                "method": "post",
                                "path": "/queryData",
                                "queries": {
                                    "resourcegroups": "cloud-shell-storage-eastus",
                                    "resourcename": "AlertaDePrivilegios",
                                    "resourcetype": "Log Analytics Workspace",
                                    "subscriptions": "e8c503c9-d8e3-4213-b6c4-a8eb241d8a1b",
                                    "timerange": "Last 4 hours"
                                }
                            }
                        },
                        "Entidades:_obtener_cuentas": {
                            "runAfter": {
                                "Obtener_incidente": [
                                    "Succeeded"
                                ]
                            },
                            "type": "ApiConnection",
                            "inputs": {
                                "body": "@triggerBody()?['object']?['properties']?['relatedEntities']",
                                "host": {
                                    "connection": {
                                        "name": "@parameters('$connections')['azuresentinel_2']['connectionId']"
                                    }
                                },
                                "method": "post",
                                "path": "/entities/account"
                            }
                        },
                        "Obtener_incidente": {
                            "runAfter": {},
                            "type": "ApiConnection",
                            "inputs": {
                                "body": {
                                    "incidentArmId": "@triggerBody()?['object']?['id']"
                                },
                                "host": {
                                    "connection": {
                                        "name": "@parameters('$connections')['azuresentinel_2']['connectionId']"
                                    }
                                },
                                "method": "post",
                                "path": "/Incidents"
                            }
                        },
                        "Para_cada_uno": {
                            "foreach": "@body('Ejecutar_consulta_y_enumerar_resultados')?['value']",
                            "actions": {
                                "Enviar_correo_electrónico_(V2)": {
                                    "runAfter": {},
                                    "type": "ApiConnection",
                                    "inputs": {
                                        "body": {
                                            "Body": "<p>Se ha generado un incidente en Microsoft Sentinel por la asignación de un nuevo rol en una suscripción:<br>\n<br>\nRole: @{items('Para_cada_uno')?['RoleDisplayName']}<br>\nResource: @{items('Para_cada_uno')?['_ResourceId']}<br>\nCaller: @{items('Para_cada_uno')?['Caller']}<br>\nCallerIpAddress: @{items('Para_cada_uno')?['CallerIpAddress']}<br>\nSubscription: @{items('Para_cada_uno')?['Scope']}<br>\n<br>\nSaludos cordiales,<br>\n<span style=\"font-size: 14px\"><strong>Equipo de Monitoreo Nebulan</strong></span></p>",
                                            "Importance": "Normal",
                                            "Subject": "ACINDUSTRIAL: Nuevo Rol en Suscripción",
                                            "To": "alerta.presupuesto@nebulan.cl; monitoreo.nebulan@gruponebulan.com"
                                        },
                                        "host": {
                                            "connection": {
                                                "name": "@parameters('$connections')['office365']['connectionId']"
                                            }
                                        },
                                        "method": "post",
                                        "path": "/v2/Mail"
                                    }
                                }
                            },
                            "runAfter": {
                                "Ejecutar_consulta_y_enumerar_resultados": [
                                    "Succeeded"
                                ]
                            },
                            "type": "Foreach"
                        }
                    },
                    "outputs": {}
                },
                "parameters": {
                    "$connections": {
                        "value": {
                            "azuremonitorlogs": {
                                "connectionId": "/subscriptions/e8c503c9-d8e3-4213-b6c4-a8eb241d8a1b/resourceGroups/cloud-shell-storage-eastus/providers/Microsoft.Web/connections/azuremonitorlogs",
                                "connectionName": "azuremonitorlogs",
                                "id": "/subscriptions/e8c503c9-d8e3-4213-b6c4-a8eb241d8a1b/providers/Microsoft.Web/locations/eastus/managedApis/azuremonitorlogs"
                            },
                            "azuresentinel": {
                                "connectionId": "/subscriptions/e8c503c9-d8e3-4213-b6c4-a8eb241d8a1b/resourceGroups/cloud-shell-storage-eastus/providers/Microsoft.Web/connections/azuresentinel-LA-NuevoRolSuscripcion",
                                "connectionName": "azuresentinel-LA-NuevoRolSuscripcion",
                                "connectionProperties": {
                                    "authentication": {
                                        "type": "ManagedServiceIdentity"
                                    }
                                },
                                "id": "/subscriptions/e8c503c9-d8e3-4213-b6c4-a8eb241d8a1b/providers/Microsoft.Web/locations/eastus/managedApis/azuresentinel"
                            },
                            "azuresentinel_2": {
                                "connectionId": "/subscriptions/e8c503c9-d8e3-4213-b6c4-a8eb241d8a1b/resourceGroups/cloud-shell-storage-eastus/providers/Microsoft.Web/connections/azuresentinel-1",
                                "connectionName": "azuresentinel-1",
                                "connectionProperties": {
                                    "authentication": {
                                        "type": "ManagedServiceIdentity"
                                    }
                                },
                                "id": "/subscriptions/e8c503c9-d8e3-4213-b6c4-a8eb241d8a1b/providers/Microsoft.Web/locations/eastus/managedApis/azuresentinel"
                            },
                            "office365": {
                                "connectionId": "/subscriptions/e8c503c9-d8e3-4213-b6c4-a8eb241d8a1b/resourceGroups/cloud-shell-storage-eastus/providers/Microsoft.Web/connections/office365-2",
                                "connectionName": "office365-2",
                                "id": "/subscriptions/e8c503c9-d8e3-4213-b6c4-a8eb241d8a1b/providers/Microsoft.Web/locations/eastus/managedApis/office365"
                            }
                        }
                    }
                }
            }
        }
    ]
}